date,id,slug,name,downloads
2026-09-30,4282,shamsi-date-converter,Shamsi Date Converter,476
2026-09-30,9320,project-manager-with-time-tracking,Project Manager with Time Tracking,541
2026-09-30,9321,codecks-bridge,Codecks Bridge,61
2026-09-30,11250,smart-rtl,Smart RTL,19
2026-10-01,4282,shamsi-date-converter,Shamsi Date Converter,479
2026-10-01,9320,project-manager-with-time-tracking,Project Manager with Time Tracking,552
2026-10-01,9321,codecks-bridge,Codecks Bridge,62
2026-10-01,11250,smart-rtl,Smart RTL,40
2026-10-02,4282,shamsi-date-converter,Shamsi Date Converter,480
2026-10-02,9320,project-manager-with-time-tracking,Project Manager with Time Tracking,595
2026-10-02,9321,codecks-bridge,Codecks Bridge,62
2026-10-02,11250,smart-rtl,Smart RTL,48
2026-10-03,4282,shamsi-date-converter,Shamsi Date Converter,486
2026-10-03,9320,project-manager-with-time-tracking,Project Manager with Time Tracking,683
2026-10-03,9321,codecks-bridge,Codecks Bridge,66
2026-10-03,11250,smart-rtl,Smart RTL,61
2026-10-04,4282,shamsi-date-converter,Shamsi Date Converter,487
2026-10-04,9320,project-manager-with-time-tracking,Project Manager with Time Tracking,688
2026-10-04,9321,codecks-bridge,Codecks Bridge,66
2026-10-04,11250,smart-rtl,Smart RTL,74
2026-10-05,4282,shamsi-date-converter,Shamsi Date Converter,488
2026-10-05,9320,project-manager-with-time-tracking,Project Manager with Time Tracking,699
2026-10-05,9321,codecks-bridge,Codecks Bridge,66
2026-10-05,11250,smart-rtl,Smart RTL,84
2026-10-06,4282,shamsi-date-converter,Shamsi Date Converter,491
2026-10-06,9320,project-manager-with-time-tracking,Project Manager with Time Tracking,708
2026-10-06,9321,codecks-bridge,Codecks Bridge,66
2026-10-06,11250,smart-rtl,Smart RTL,98
2026-10-07,4282,shamsi-date-converter,Shamsi Date Converter,498
2026-10-07,9320,project-manager-with-time-tracking,Project Manager with Time Tracking,726
2026-10-07,9321,codecks-bridge,Codecks Bridge,71
2026-10-07,11250,smart-rtl,Smart RTL,113
2026-10-08,4282,shamsi-date-converter,Shamsi Date Converter,500
2026-10-08,9320,project-manager-with-time-tracking,Project Manager with Time Tracking,745
2026-10-08,9321,codecks-bridge,Codecks Bridge,71
2026-10-08,11250,smart-rtl,Smart RTL,126
